use rrhh;
INSERT INTO EMPRESA (Id_empresa, nombre, descripcion, tipo_de_empresa, telefono, direccion, altura, codigo_postal, localidad, provincia)
VALUES
(1, 'TechSolutions', 'Desarrollo de software y soluciones tecnológicas', 'Tecnología', '011-1234567', 'Calle Innovación 123', '4A', 1000, 'Techville', 'Techlandia'),
(2, 'ConsultoraPro', 'Servicios de consultoría empresarial', 'Consultoría', '011-9876543', 'Av. Estrategia 456', '3B', 2000, 'Consultora', 'Consultoland'),
(3, 'EcoTech', 'Innovación sostenible y tecnológica', 'Tecnología', '011-8888888', 'Ruta Verde 789', '5C', 3000, 'EcoCity', 'Ecolandia'),
(4, 'LogisCargo', 'Soluciones de logística y transporte', 'Logística', '011-7777777', 'Calle Logística 543', '2A', 4000, 'Logisville', 'Logilandia'),
(5, 'BioMed', 'Investigación y desarrollo biomédico', 'Ciencias de la Salud', '011-5555555', 'Av. Médica 123', '7B', 5000, 'BioCity', 'Biolandia'),
(6, 'EduPro', 'Servicios educativos y formación', 'Educación', '011-6666666', 'Calle Educación 789', '4B', 6000, 'Eduville', 'Edulandia'),
(7, 'AgroTech', 'Tecnología para la agricultura', 'Agricultura', '011-3333333', 'Ruta Agraria 456', '5A', 7000, 'Agroville', 'Agrolandia'),
(8, 'ArqDesign', 'Diseño arquitectónico y construcción', 'Arquitectura', '011-2222222', 'Calle Diseño 543', '3C', 8000, 'Diseñopolis', 'Designland'),
(9, 'GourmetFoods', 'Alimentos gourmet y catering', 'Alimentación', '011-9999999', 'Av. Delicias 123', '6B', 9000, 'Gourmetville', 'Gourmetlandia'),
(10, 'CleanEnergy', 'Energía limpia y renovable', 'Energía', '011-4444444', 'Calle Energía 456', '8A', 10000, 'CleanCity', 'Cleanlandia');

INSERT INTO MODULO (id_modulo, activado, costo, empresa_id)
VALUES
(1, true, 1500.00, 1),
(2, false, 2000.00, 2),
(3, true, 1800.00, 3),
(4, true, 1200.00, 4),
(5, false, 2500.00, 5),
(6, true, 2100.00, 6),
(7, true, 1600.00, 7),
(8, false, 1900.00, 8),
(9, true, 2200.00, 9),
(10, true, 1400.00, 10),
(11, false, 2300.00, 1),
(12, true, 1700.00, 2),
(13, true, 2000.00, 3),
(14, false, 1300.00, 4),
(15, true, 2400.00, 5),
(16, true, 2200.00, 6),
(17, false, 1800.00, 7),
(18, true, 1900.00, 8),
(19, true, 2100.00, 9),
(20, false, 1700.00, 10);


INSERT INTO Sector (Id_sector, id_empresa, direccion, descripcion)
VALUES
(1, 1, 'Departamento de Desarrollo', 'Descripción de Desarrollo'),
(2, 1, 'Departamento de Ventas', 'Descripción de Ventas'),
(3, 2, 'Departamento de Consultoría', 'Descripción de Consultoría'),
(4, 3, 'Departamento de Desarrollo', 'Descripción de Desarrollo'),
(5, 3, 'Departamento de Ventas', 'Descripción de Ventas'),
(6, 5, 'Departamento de Finanzas', 'Descripción de Finanzas'),
(7, 1, 'Departamento de Recursos Humanos', 'Descripción de Recursos Humanos'),
(8, 1, 'Departamento de Marketing', 'Descripción de Marketing'),
(9, 2, 'Departamento de Investigación y Desarrollo', 'Descripción de I+D'),
(10, 3, 'Departamento de Operaciones', 'Descripción de Operaciones'),
(11, 3, 'Departamento de Logística', 'Descripción de Logística'),
(12, 5, 'Departamento de Ventas', 'Descripción de Ventas'),
(13, 1, 'Departamento de Finanzas', 'Descripción de Finanzas'),
(14, 1, 'Departamento de Tecnología de la Información', 'Descripción de TI'),
(15, 2, 'Departamento de Marketing', 'Descripción de Marketing'),
(16, 3, 'Departamento de Desarrollo de Productos', 'Descripción de Desarrollo de Productos'),
(17, 3, 'Departamento de Calidad', 'Descripción de Calidad'),
(18, 5, 'Departamento de Recursos Humanos', 'Descripción de Recursos Humanos'),
(19, 1, 'Departamento de Ventas', 'Descripción de Ventas'),
(20, 1, 'Departamento de Operaciones', 'Descripción de Operaciones');


INSERT INTO Lider (Id_lider, id_sector, nombre, apellido, fecha_ingreso)
VALUES
(1, 1, 'Juan', 'López', '2022-05-10'),
(2, 1, 'María', 'Martínez', '2021-03-15'),
(3, 2, 'Carlos', 'Gómez', '2023-01-20'),
(4, 4, 'Laura', 'Rodríguez', '2022-11-30'),
(5, 2, 'Federico', 'Hernández', '2021-08-22'),
(6, 5, 'Ana', 'Pérez', '2023-04-05'),
(7, 2, 'Luis', 'Torres', '2022-09-17'),
(8, 3, 'Javier', 'González', '2020-07-12'),
(9, 4, 'Carolina', 'Díaz', '2022-06-08'),
(10, 6, 'Miguel', 'García', '2021-12-25'),
(11, 5, 'Sofía', 'Fernández', '2022-02-28'),
(12, 5, 'Diego', 'Pérez', '2023-03-10'),
(13, 3, 'Ana', 'Gutiérrez', '2021-10-18'),
(14, 6, 'Pedro', 'Sánchez', '2023-02-14'),
(15, 4, 'Elena', 'López', '2020-04-27'),
(16, 5, 'Ricardo', 'Martínez', '2021-06-30'),
(17, 2, 'Gabriela', 'Gómez', '2022-07-14'),
(18, 4, 'Andrés', 'Hernández', '2020-09-21'),
(19, 3, 'Patricia', 'Torres', '2022-10-03'),
(20, 3, 'Luis', 'Díaz', '2023-05-12'),
(21, 1, 'Sara', 'García', '2022-08-19'),
(22, 1, 'Pablo', 'Rodríguez', '2023-06-02'),
(23, 2, 'Valentina', 'Sánchez', '2020-12-14'),
(24, 3, 'Ignacio', 'Pérez', '2022-04-08'),
(25, 5, 'Alicia', 'López', '2021-07-07'),
(26, 1, 'Jorge', 'Fernández', '2023-04-20'),
(27, 4, 'Natalia', 'Martínez', '2021-02-09'),
(28, 3, 'José', 'González', '2022-03-05'),
(29, 6, 'Martín', 'Hernández', '2020-05-24'),
(30, 2, 'Silvia', 'Sánchez', '2023-01-28');

INSERT INTO Personal (Id_personal, id_sector, id_lider)
VALUES
(1, 1, 1),
(2, 1, 1),
(3, 2, 2),
(4, 4, 4),
(5, 2, 4),
(6, 5, 5),
(7, 2, 2),
(8, 3, 3),
(9, 4, 4),
(10, 6, 1),
(11, 5, 5),
(12, 5, 1),
(13, 3, 3),
(14, 6, 2),
(15, 4, 4),
(16, 5, 5),
(17, 2, 2),
(18, 3, 3),
(19, 4, 4),
(20, 6, 1),
(21, 5, 5),
(22, 5, 1),
(23, 3, 3),
(24, 6, 2),
(25, 4, 4),
(26, 5, 5),
(27, 2, 2),
(28, 3, 3),
(29, 4, 4),
(30, 6, 1),
(31, 5, 5),
(32, 5, 1),
(33, 3, 3),
(34, 6, 2),
(35, 4, 4),
(36, 5, 5),
(37, 2, 2),
(38, 3, 3),
(39, 4, 4),
(40, 6, 1),
(41, 5, 5),
(42, 5, 1),
(43, 3, 3),
(44, 6, 2),
(45, 4, 4),
(46, 5, 5),
(47, 2, 2),
(48, 3, 3),
(49, 4, 4),
(50, 6, 1);


INSERT INTO DatosPersonales (id_personal, edad, nombre, apellido, telefono, direccion, altura, sueldo, codigo_postal, localidad, provincia)
VALUES
(1, 30, 'Lucía', 'López', '011-1111111', 'Calle Principal 123', '5A', 50000.00, 1234, 'Buenos Aires', 'Buenos Aires'),
(2, 28, 'Martín', 'Fernández', '011-2222222', 'Avenida Comercial 456', '10B', 55000.00, 5678, 'Córdoba', 'Córdoba'),
(3, 35, 'Carolina', 'Giménez', '011-3333333', 'Oficina Central', '2C', 60000.00, 9012, 'Rosario', 'Santa Fe'),
(4, 27, 'Camila', 'Gómez', '011-4444444', 'Calle Software 789', '7B', 52000.00, 4567, 'La Plata', 'Buenos Aires'),
(5, 32, 'Diego', 'Torres', '011-5555555', 'Avenida Consultores 543', '3A', 58000.00, 7890, 'Córdoba', 'Córdoba'),
(6, 24, 'Luis', 'Díaz', '011-6666666', 'Oficina Oeste', '2C', 60000.00, 9012, 'Rosario', 'Santa Fe'),
(7, 33, 'Miguel', 'García', '011-7777777', 'Calle Trabajador 9', '8A', 57000.00, 8901, 'La Plata', 'Buenos Aires'),
(8, 29, 'Laura', 'Martínez', '011-8888888', 'Avenida Empleado 10', '3B', 53000.00, 2345, 'Córdoba', 'Córdoba'),
(9, 37, 'Diego', 'López', '011-9999999', 'Calle Colaborador 11', '7A', 61000.00, 5678, 'Buenos Aires', 'Buenos Aires'),
(10, 24, 'Carolina', 'Rodríguez', '011-1010101', 'Avenida Trabajador 12', '5B', 54000.00, 1234, 'Córdoba', 'Córdoba'),
(11, 31, 'Javier', 'Pérez', '011-2020202', 'Calle Empleado 13', '2A', 58000.00, 4567, 'La Plata', 'Buenos Aires'),
(12, 27, 'María', 'Hernández', '011-3030303', 'Avenida Colaborador 14', '6B', 59000.00, 3456, 'Córdoba', 'Córdoba'),
(13, 34, 'Alejandro', 'Gómez', '011-4040404', 'Calle Trabajador 15', '9A', 57000.00, 6789, 'Buenos Aires', 'Buenos Aires'),
(14, 26, 'Natalia', 'Díaz', '011-5050505', 'Avenida Empleado 16', '4B', 53000.00, 9012, 'Córdoba', 'Córdoba'),
(15, 30, 'Lucas', 'Fernández', '011-6060606', 'Calle Principal 17', '5A', 55000.00, 1234, 'Buenos Aires', 'Buenos Aires'),
(16, 28, 'Ana', 'García', '011-7070707', 'Avenida Comercial 18', '10B', 60000.00, 5678, 'Córdoba', 'Córdoba'),
(17, 35, 'Pedro', 'Gómez', '011-8080808', 'Oficina Central 2', '2C', 52000.00, 9012, 'Rosario', 'Santa Fe'),
(18, 27, 'Luisa', 'Hernández', '011-9090909', 'Calle Software 19', '7B', 58000.00, 4567, 'La Plata', 'Buenos Aires'),
(19, 32, 'Carmen', 'Martínez', '011-1010101', 'Avenida Consultores 20', '3A', 59000.00, 7890, 'Córdoba', 'Córdoba'),
(20, 24, 'Pablo', 'López', '011-1212121', 'Oficina Oeste 2', '2C', 57000.00, 8901, 'La Plata', 'Buenos Aires'),
(21, 33, 'Sofía', 'Rodríguez', '011-1313131', 'Calle Trabajador 21', '8A', 53000.00, 2345, 'Córdoba', 'Córdoba'),
(22, 29, 'Carlos', 'Pérez', '011-1414141', 'Avenida Empleado 22', '3B', 61000.00, 5678, 'Buenos Aires', 'Buenos Aires'),
(23, 37, 'Elena', 'Díaz', '011-1515151', 'Calle Colaborador 23', '7A', 54000.00, 1234, 'Córdoba', 'Córdoba'),
(24, 24, 'Manuel', 'González', '011-1616161', 'Avenida Trabajador 24', '5B', 58000.00, 4567, 'La Plata', 'Buenos Aires'),
(25, 31, 'Silvia', 'Fernández', '011-1717171', 'Avenida Colaborador 25', '6B', 57000.00, 6789, 'Buenos Aires', 'Buenos Aires'),
(26, 26, 'Hugo', 'Gómez', '011-1818181', 'Calle Trabajador 26', '9A', 53000.00, 9012, 'Córdoba', 'Córdoba'),
(27, 30, 'Marcela', 'Díaz', '011-1919191', 'Calle Principal 27', '5A', 60000.00, 1234, 'Buenos Aires', 'Buenos Aires'),
(28, 28, 'Federico', 'Martínez', '011-2020202', 'Avenida Comercial 28', '10B', 52000.00, 5678, 'Córdoba', 'Córdoba'),
(29, 35, 'Natalia', 'Pérez', '011-3030303', 'Oficina Central 3', '2C', 55000.00, 9012, 'Rosario', 'Santa Fe'),
(30, 27, 'Gustavo', 'Hernández', '011-4040404', 'Calle Software 30', '7B', 58000.00, 4567, 'La Plata', 'Buenos Aires'),
(31, 32, 'Florencia', 'Torres', '011-5050505', 'Avenida Consultores 31', '3A', 60000.00, 7890, 'Córdoba', 'Córdoba'),
(32, 24, 'Carlos', 'Díaz', '011-6060606', 'Oficina Oeste 3', '2C', 53000.00, 9012, 'Rosario', 'Santa Fe'),
(33, 33, 'Elena', 'Rodríguez', '011-7070707', 'Calle Trabajador 33', '8A', 57000.00, 8901, 'La Plata', 'Buenos Aires'),
(34, 29, 'Lucía', 'Gómez', '011-8080808', 'Avenida Empleado 34', '3B', 54000.00, 2345, 'Córdoba', 'Córdoba'),
(35, 37, 'Martín', 'López', '011-9090909', 'Calle Colaborador 35', '7A', 61000.00, 5678, 'Buenos Aires', 'Buenos Aires'),
(36, 26, 'Carolina', 'Martínez', '011-1010101', 'Avenida Trabajador 36', '5B', 54000.00, 1234, 'Córdoba', 'Córdoba'),
(37, 31, 'Diego', 'Pérez', '011-1111111', 'Calle Empleado 37', '2A', 59000.00, 4567, 'La Plata', 'Buenos Aires'),
(38, 27, 'Ana', 'González', '011-1212121', 'Avenida Colaborador 38', '6B', 60000.00, 5678, 'Córdoba', 'Córdoba'),
(39, 35, 'Pedro', 'Hernández', '011-1313131', 'Calle Software 39', '7B', 57000.00, 6789, 'Buenos Aires', 'Buenos Aires'),
(40, 32, 'Luisa', 'Fernández', '011-1414141', 'Avenida Consultores 40', '3A', 53000.00, 9012, 'Rosario', 'Santa Fe'),
(41, 28, 'Andrea', 'Gómez', '011-1515151', 'Calle Principal 41', '5A', 55000.00, 1234, 'Buenos Aires', 'Buenos Aires'),
(42, 25, 'Eduardo', 'Martínez', '011-1616161', 'Avenida Comercial 42', '10B', 59000.00, 5678, 'Córdoba', 'Córdoba'),
(43, 29, 'Silvia', 'Rodríguez', '011-1717171', 'Oficina Central 4', '2C', 57000.00, 9012, 'Rosario', 'Santa Fe'),
(44, 30, 'Juan', 'Pérez', '011-1818181', 'Calle Software 44', '7B', 61000.00, 5678, 'Buenos Aires', 'Buenos Aires'),
(45, 32, 'María', 'Díaz', '011-1919191', 'Avenida Consultores 45', '3A', 53000.00, 9012, 'Rosario', 'Santa Fe'),
(46, 26, 'Pedro', 'González', '011-2020202', 'Oficina Oeste 4', '2C', 57000.00, 8901, 'La Plata', 'Buenos Aires'),
(47, 35, 'Florencia', 'Fernández', '011-3030303', 'Calle Trabajador 47', '8A', 53000.00, 2345, 'Córdoba', 'Córdoba'),
(48, 27, 'Carlos', 'Hernández', '011-4040404', 'Avenida Empleado 48', '3B', 61000.00, 5678, 'Buenos Aires', 'Buenos Aires'),
(49, 34, 'Elena', 'Martínez', '011-5050505', 'Calle Colaborador 49', '7A', 54000.00, 1234, 'Córdoba', 'Córdoba'),
(50, 30, 'Martín', 'López', '011-6060606', 'Avenida Trabajador 50', '5B', 60000.00, 4567, 'La Plata', 'Buenos Aires');

-- Registros para la tabla PETICIONES
INSERT INTO PETICIONES (id_personal, id_peticion, situacion, fecha)
VALUES
(1, 1, true, '2023-01-15'),
(2, 2, false, '2023-02-20'),
(3, 3, true, '2023-03-25'),
(4, 4, false, '2023-04-10'),
(5, 5, true, '2023-05-05'),
(6, 6, false, '2023-06-30'),
(7, 7, true, '2023-07-15'),
(8, 8, false, '2023-08-20'),
(9, 9, true, '2023-09-25'),
(10, 10, false, '2023-10-10'),
(11, 11, true, '2023-11-05'),
(12, 12, false, '2023-12-30'),
(13, 13, true, '2023-01-15'),
(14, 14, false, '2023-02-20'),
(15, 15, true, '2023-03-25'),
(16, 16, false, '2023-04-10'),
(17, 17, true, '2023-05-05'),
(18, 18, false, '2023-06-30'),
(19, 19, true, '2023-07-15'),
(20, 20, false, '2023-08-20');

-- Registros para la tabla OrdenPeticiones
INSERT INTO OrdenPeticiones (id_lider, id_peticion, direccion, descripcion, fecha)
VALUES
(1, 1, 'Oficina A', 'Reparación de equipo', '2023-01-15'),
(2, 2, 'Sucursal B', 'Mantenimiento de software', '2023-02-20'),
(3, 3, 'Oficina C', 'Actualización de servidores', '2023-03-25'),
(4, 4, 'Sucursal D', 'Instalación de redes', '2023-04-10'),
(5, 5, 'Oficina E', 'Soporte técnico', '2023-05-05'),
(6, 6, 'Sucursal F', 'Configuración de sistemas', '2023-06-30'),
(7, 7, 'Oficina G', 'Resolución de incidencias', '2023-07-15'),
(8, 8, 'Sucursal H', 'Optimización de recursos', '2023-08-20'),
(9, 9, 'Oficina I', 'Migración de datos', '2023-09-25'),
(10, 10, 'Sucursal J', 'Desarrollo de aplicaciones', '2023-10-10'),
(11, 11, 'Oficina K', 'Capacitación de personal', '2023-11-05'),
(12, 12, 'Sucursal L', 'Seguridad informática', '2023-12-30'),
(13, 13, 'Oficina M', 'Recuperación de datos', '2023-01-15'),
(14, 14, 'Sucursal N', 'Evaluación de sistemas', '2023-02-20'),
(15, 15, 'Oficina O', 'Optimización de bases de datos', '2023-03-25'),
(16, 16, 'Sucursal P', 'Actualización de aplicaciones', '2023-04-10'),
(17, 17, 'Oficina Q', 'Soporte a usuarios', '2023-05-05'),
(18, 18, 'Sucursal R', 'Gestión de proyectos', '2023-06-30'),
(19, 19, 'Oficina S', 'Evaluación de hardware', '2023-07-15'),
(20, 20, 'Sucursal T', 'Mantenimiento de impresoras', '2023-08-20');


-- Registros para la tabla Publicacion
INSERT INTO Publicacion (id_publicacion, Id_empresa, Id_personal, titulo, descripcion, requisitos, fecha_creacion)
VALUES
(1, 1, 1, 'Puesto de Desarrollador Web', 'Se busca un desarrollador web con experiencia en HTML, CSS y JavaScript.', 'Experiencia previa en proyectos web, conocimiento de frameworks CSS, capacidad de trabajo en equipo.', '2023-01-10'),
(2, 2, 2, 'Analista de Datos', 'Buscamos un analista de datos para nuestro departamento de análisis de datos.', 'Experiencia en análisis de datos, manejo de herramientas de visualización, habilidades de comunicación.', '2023-02-15'),
(3, 3, 3, 'Ingeniero de Software', 'Se requiere un ingeniero de software con experiencia en desarrollo de aplicaciones móviles.', 'Experiencia en desarrollo de aplicaciones móviles, conocimiento de iOS y Android.', '2023-03-20'),
(4, 4, 4, 'Especialista en Redes', 'Estamos en busca de un especialista en redes para administrar nuestra infraestructura de red.', 'Experiencia en administración de redes, certificaciones en redes, capacidad de resolución de problemas.', '2023-04-25'),
(5, 5, 5, 'Diseñador Gráfico', 'Se busca un diseñador gráfico creativo para trabajar en proyectos de diseño visual.', 'Experiencia en diseño gráfico, conocimiento de herramientas de diseño, portafolio de proyectos.', '2023-05-05'),
(6, 6, 6, 'Gerente de Proyectos', 'Buscamos un gerente de proyectos con habilidades de liderazgo y gestión de proyectos.', 'Experiencia en gestión de proyectos, habilidades de liderazgo, certificaciones en gestión de proyectos.', '2023-06-15'),
(7, 7, 7, 'Especialista en Soporte Técnico', 'Se requiere un especialista en soporte técnico para brindar asistencia a nuestros clientes.', 'Experiencia en soporte técnico, habilidades de comunicación, resolución de problemas.', '2023-07-20'),
(8, 8, 8, 'Desarrollador Front-end', 'Estamos en busca de un desarrollador front-end para trabajar en proyectos web.', 'Experiencia en desarrollo front-end, conocimiento de React y Vue.js, capacidad de trabajo en equipo.', '2023-08-25'),
(9, 9, 9, 'Analista de Seguridad', 'Buscamos un analista de seguridad para garantizar la protección de nuestros sistemas y datos.', 'Experiencia en seguridad informática, conocimiento de herramientas de seguridad, capacidad de auditoría.', '2023-09-10'),
(10, 10, 10, 'Especialista en Marketing Digital', 'Se requiere un especialista en marketing digital para promocionar nuestros productos en línea.', 'Experiencia en marketing digital, conocimiento de publicidad en línea, capacidad de análisis de datos.', '2023-10-05');

INSERT INTO Candidato (id_candidato, nombre, direccion, telefono, url_cv)
VALUES
(1, 'Juan Pérez', 'Calle A, Ciudad X', '555-123-4567', 'http://www.ejemplo.com/juanperez_cv'),
(2, 'María González', 'Avenida B, Ciudad Y', '555-234-5678', 'http://www.ejemplo.com/mariagonzalez_cv'),
(3, 'Carlos Rodríguez', 'Calle C, Ciudad Z', '555-345-6789', 'http://www.ejemplo.com/carlosrodriguez_cv'),
(4, 'Laura Martínez', 'Avenida D, Ciudad W', '555-456-7890', 'http://www.ejemplo.com/lauramartinez_cv'),
(5, 'Federico López', 'Calle E, Ciudad V', '555-567-8901', 'http://www.ejemplo.com/federicolopez_cv'),
(6, 'Ana Sánchez', 'Avenida F, Ciudad U', '555-678-9012', 'http://www.ejemplo.com/anasanchez_cv'),
(7, 'Sofía Ramírez', 'Calle G, Ciudad T', '555-789-0123', 'http://www.ejemplo.com/sofiaramirez_cv'),
(8, 'David Torres', 'Avenida H, Ciudad S', '555-890-1234', 'http://www.ejemplo.com/davidtorres_cv'),
(9, 'Elena Pérez', 'Calle I, Ciudad R', '555-901-2345', 'http://www.ejemplo.com/elenaperez_cv'),
(10, 'Javier González', 'Avenida J, Ciudad Q', '555-012-3456', 'http://www.ejemplo.com/javiergonzalez_cv');

INSERT INTO Postulacion (id_postulacion, id_publicacion, id_candidato, fecha_postulacion, estado)
VALUES
(1, 1, 1, '2023-01-15', 'En revisión'),
(2, 2, 2, '2023-02-20', 'Aceptada'),
(3, 3, 3, '2023-03-25', 'Rechazada'),
(4, 4, 4, '2023-04-10', 'En proceso'),
(5, 5, 5, '2023-05-05', 'En revisión'),
(6, 6, 6, '2023-06-30', 'Aceptada'),
(7, 7, 7, '2023-07-15', 'Rechazada'),
(8, 8, 8, '2023-08-20', 'En proceso'),
(9, 9, 9, '2023-09-25', 'En revisión'),
(10, 10, 10, '2023-10-10', 'Aceptada');


INSERT INTO COSTO (id_costo, id_empresa, monto, numero_factura, mes_factura, concepto, descripcion)
VALUES
(1, 1, 1000.00, 12345.67, '2023-01-15', 'Gastos de Oficina', 'Compra de suministros de oficina.'),
(2, 2, 750.50, 23456.78, '2023-02-20', 'Mantenimiento de Equipo', 'Reparación de computadoras y actualización de software.'),
(3, 3, 1200.75, 34567.89, '2023-03-25', 'Publicidad en Línea', 'Gastos de publicidad en línea para promocionar productos.'),
(4, 4, 850.25, 45678.90, '2023-04-10', 'Servicios de Hosting', 'Pagos mensuales por servicios de hosting y dominio web.'),
(5, 5, 1600.00, 56789.01, '2023-05-05', 'Capacitación de Empleados', 'Costos de capacitación y desarrollo de empleados.'),
(6, 6, 950.75, 67890.12, '2023-06-15', 'Gastos de Viaje', 'Reembolso de gastos de viaje para empleados en proyectos.'),
(7, 7, 800.00, 78901.23, '2023-07-20', 'Materiales de Producción', 'Compra de materias primas para la producción.'),
(8, 8, 1100.50, 89012.34, '2023-08-25', 'Servicios Legales', 'Honorarios de abogados para consultoría legal.'),
(9, 9, 1300.25, 90123.45, '2023-09-10', 'Gastos de Marketing', 'Gastos de marketing para promocionar nuevos productos.'),
(10, 10, 900.75, 12345.67, '2023-10-05', 'Mantenimiento de Instalaciones', 'Costos de mantenimiento y reparación de instalaciones.'),
(11, 1, 950.00, 23456.78, '2023-11-15', 'Suministros de Oficina', 'Compra de papelería y suministros de oficina.'),
(12, 2, 820.25, 34567.89, '2023-12-20', 'Mantenimiento de Equipo', 'Mantenimiento preventivo de equipos informáticos.'),
(13, 3, 1350.50, 45678.90, '2024-01-25', 'Publicidad en Medios', 'Gastos de publicidad en medios impresos y digitales.'),
(14, 4, 875.75, 56789.01, '2024-02-10', 'Renovación de Dominio', 'Renovación anual del nombre de dominio web.'),
(15, 5, 1550.00, 67890.12, '2024-03-05', 'Capacitación de Empleados', 'Talleres de formación para empleados.'),
(16, 6, 960.25, 78901.23, '2024-04-15', 'Gastos de Viaje', 'Reembolso de gastos de viaje para conferencias.'),
(17, 7, 810.50, 89012.34, '2024-05-20', 'Materiales de Producción', 'Compra de materiales para línea de producción.'),
(18, 8, 1125.75, 90123.45, '2024-06-25', 'Servicios Legales', 'Honorarios legales para adquisición de propiedades.'),
(19, 9, 1320.00, 12345.67, '2024-07-10', 'Gastos de Marketing', 'Campaña de marketing para el lanzamiento de un producto.'),
(20, 10, 910.25, 23456.78, '2024-08-05', 'Mantenimiento de Instalaciones', 'Mantenimiento de las instalaciones de la planta.'),
(21, 1, 980.50, 34567.89, '2024-09-15', 'Compra de Equipos', 'Adquisición de nuevos equipos de oficina.'),
(22, 2, 800.75, 45678.90, '2024-10-20', 'Publicidad en Redes Sociales', 'Gastos de publicidad en redes sociales.'),
(23, 3, 1450.25, 56789.01, '2024-11-25', 'Hosting Adicional', 'Adquisición de espacio de hosting adicional.'),
(24, 4, 890.00, 67890.12, '2024-12-10', 'Eventos Corporativos', 'Organización de eventos corporativos.'),
(25, 5, 1700.75, 78901.23, '2025-01-15', 'Desarrollo de Producto', 'Costos de desarrollo de un nuevo producto.'),
(26, 6, 940.25, 89012.34, '2025-02-20', 'Gastos de Transporte', 'Gastos de transporte de mercancías.'),
(27, 7, 790.50, 90123.45, '2025-03-25', 'Investigación de Mercado', 'Costos de investigación de mercado.'),
(28, 8, 1150.75, 12345.67, '2025-04-10', 'Consultoría Jurídica', 'Servicios de consultoría legal para contratos.'),
(29, 9, 1275.00, 23456.78, '2025-05-05', 'Mejoras en Infraestructura', 'Mejoras en la infraestructura de la empresa.'),
(30, 10, 925.25, 34567.89, '2025-06-15', 'Gastos de Publicidad', 'Gastos en campañas publicitarias.');

